instance,n,value,BSPR,BSPR,EBSPR,EBSPR,BSS,BSS,EBSS,EBSS,BOEM,EBOEM,KL,Louvain
,,,15log_2{n},n,15log_2{n},n,15log_2{n},n,15log_2{n},n,,,,
cars,33,1501,1501,1501,1501,1501,1499,1499,1499,1499,1501,1501,1501,1501
,,,0,0,0,0,0,0,0,0,0,0,0,0
cetacea,36,967,967,967,967,967,967,967,967,967,967,967,967,967
,,,0,0,0,0,0,0,0,0,0,0,0,0
companies,137,81802,81802,81802,81802,81802,81802,81802,81802,81802,81802,81802,81802,81802
,,,0,0,0,0,0,0,0,0,0,0,0,0
micro,40,966,966,966,966,966,966,966,966,966,804,804,966,804
,,,0,0,0,0,0,0,0,0,0,0,0,0
uno,54,798,798,798,798,798,798,798,798,798,760,760,798,760
,,,0,0,0,0,0,0,0,0,0.016,0,0,0
uno_1a,158,12197,12197,12197,12197,12197,12197,12197,12197,12197,12197,12197,12197,12197
,,,0.016,0,0.016,0.016,0,0,0,0,0,0,0,0
uno_1b,139,11775,11775,11775,11775,11775,11775,11775,11775,11775,11775,11775,11775,11775
,,,0,0,0,0,0,0.016,0.016,0,0,0,0,0
uno_2a,158,72820,72820,72820,72820,72820,72820,72820,72820,72820,72820,72820,72820,72820
,,,0,0,0,0,0,0.016,0,0.016,0,0,0,0
uno_2b,145,71818,71818,71818,71818,71818,71818,71818,71818,71818,71818,71818,71818,71818
,,,0,0,0,0,0,0,0,0,0,0,0,0
uno_3a,158,73068,73068,73068,73068,73068,73068,73068,73068,73068,73068,73068,73068,73068
,,,0,0.016,0,0,0,0,0,0,0,0,0,0
uno_3b,147,72629,72629,72629,72629,72629,72629,72629,72629,72629,72629,72629,72629,72629
,,,0,0,0.016,0,0,0,0,0.016,0,0,0,0
wildcats,30,1304,1304,1304,1304,1304,1304,1304,1304,1304,1296,1296,1304,1296
,,,0,0,0,0,0,0,0,0,0,0,0,0
workers,34,964,964,964,964,964,964,964,964,964,964,964,964,964
,,,0,0,0,0,0,0,0,0,0,0,0.016,0
bridges,108,3867,3867,3867,3867,3867,3835,3835,3838,3838,3867,3867,3867,3867
,,,0,0,0,0,0.016,0,0,0.016,0,0,0,0
Hayes-Roth,160,2800,2774,2774,2774,2774,2775,2775,2777,2777,2788,2796,2799,2796
,,,0,0.016,0,0,0.016,0.016,0.016,0.016,0,0,0.016,0
lecturers,797,14317,14297,14297,14283,14283,14230,14230,14244,14244,14207,14207,14208,14204
,,,1.484,1.391,0.25,0.25,3.469,3.281,0.641,0.672,0.047,0.016,0.75,0.031
lung-cancer,32,3472,3472,3472,3472,3472,3472,3472,3472,3472,3472,3472,3472,3472
,,,0,0,0,0,0,0,0,0,0,0,0,0
lymphography,148,19174,19174,19174,19174,19174,19138,19138,19170,19170,19170,19170,19170,19170
,,,0,0,0.016,0,0.016,0.016,0.016,0,0,0,0.016,0
primary-tumor,339,323614,323614,323614,323614,323614,323614,323614,323614,323614,323614,323614,323614,323614
,,,0.016,0.016,0.016,0,0.016,0.016,0.016,0.016,0,0,0.031,0
soup,209,4625,4622,4622,4622,4622,4613,4613,4613,4613,4619,4621,4621,4621
,,,0.016,0.016,0.016,0.016,0,0,0.016,0.016,0,0,0.031,0
soybean-21,47,3041,3041,3041,3041,3041,3041,3041,3041,3041,3041,3041,3041,3041
,,,0,0,0,0,0,0,0,0,0,0,0,0
soybean-35,47,14613,14613,14613,14613,14613,14613,14613,14613,14613,14613,14613,14613,14613
,,,0,0,0,0,0.016,0,0,0,0,0,0,0
soybean-large,307,316469,316080,316080,316080,316080,315802,315802,315802,315802,316080,316080,316080,316080
,,,0.031,0.031,0.016,0.016,0.016,0,0.016,0.016,0,0,0.062,0
sponge,76,25677,25677,25677,25677,25677,25677,25677,25677,25677,20401,20401,25677,20401
,,,0,0,0,0,0,0,0,0,0,0,0,0
ta-evaluation,151,1108,1092,1092,1092,1092,1102,1102,1092,1092,1059,1059,1059,1059
,,,0,0,0.016,0,0,0.016,0.016,0,0,0,0.016,0
zoo,101,16948,16948,16948,16948,16948,16844,16844,16844,16844,15460,15460,16948,15460
,,,0.016,0,0,0,0,0,0,0.016,0,0,0,0
boc_1,46,58,49,49,49,49,50,50,52,52,48,55,52,55
,,,0,0,0,0,0,0,0,0,0,0,0,0
boc_2,46,61,61,61,61,61,61,61,61,61,60,60,60,60
,,,0,0,0,0,0,0,0,0,0,0,0,0
boc_3,46,60,59,59,59,59,59,59,59,59,59,59,59,59
,,,0,0,0,0,0,0,0,0,0,0,0,0
boc_4,46,50,37,37,37,37,37,37,37,37,37,41,46,40
,,,0,0,0,0,0,0,0,0,0,0,0.016,0
boc_5,46,72,72,72,72,72,72,72,72,72,72,72,72,72
,,,0,0,0,0,0,0,0,0,0,0,0,0
boc_6,46,76,76,76,76,76,75,75,75,75,75,76,75,76
,,,0,0,0,0,0,0,0,0,0,0,0,0
boc_7,46,78,78,78,78,78,78,78,78,78,78,78,78,78
,,,0,0,0,0,0,0,0,0,0,0,0,0
boc_8,46,61,60,60,60,60,54,54,54,54,56,59,60,59
,,,0,0,0,0,0,0,0,0,0,0,0,0
boc_9,46,89,89,89,89,89,89,89,89,89,89,89,89,89
,,,0,0,0,0,0,0,0,0,0,0,0,0
boc_10,46,70,70,70,70,70,70,70,70,70,67,67,70,67
,,,0,0,0,0,0,0,0,0,0,0,0,0
boe_91,55,80,77,77,79,79,78,78,77,77,79,79,79,79
,,,0,0,0,0,0,0.016,0,0,0,0,0,0
bur_69,55,98,98,98,98,98,98,98,98,98,98,98,98,98
,,,0,0,0,0,0,0,0,0,0,0,0,0
bur_73,126,126,114,114,115,115,111,111,114,114,108,124,125,124
,,,0.016,0.016,0,0,0.047,0.047,0.016,0.016,0,0,0.031,0
bur_75,59,67,62,62,62,62,61,61,61,61,59,60,59,60
,,,0,0,0,0,0,0.016,0,0,0,0,0,0
bur_91,59,72,63,63,63,63,63,63,63,63,63,63,63,63
,,,0,0,0,0,0,0,0,0,0,0,0,0
can_97,68,157,154,154,154,154,143,143,143,143,154,154,154,154
,,,0,0,0,0,0,0,0,0,0,0,0,0
cha_86,55,102,102,102,102,102,101,101,101,101,102,102,102,102
,,,0,0,0,0,0,0,0,0,0,0,0,0
cha_87,140,347,347,347,347,347,347,347,347,347,347,347,347,347
,,,0,0,0,0.016,0,0,0,0.016,0,0,0.016,0
gro_80,43,53,49,49,51,51,47,47,51,51,44,46,52,46
,,,0,0,0,0,0,0,0,0,0,0,0,0
ira_95,31,38,36,36,36,36,36,36,36,36,35,36,38,36
,,,0,0,0,0,0,0,0,0,0,0,0,0
kat_97,108,175,129,129,165,165,159,159,165,165,156,168,168,168
,,,0,0,0.016,0.016,0.016,0.016,0.016,0,0.016,0,0,0
kin_80,38,41,37,37,37,37,37,37,37,37,31,31,39,31
,,,0,0,0,0,0,0,0,0,0,0,0,0
lee_97,70,115,115,115,115,115,115,115,115,115,115,115,115,115
,,,0,0,0,0,0,0,0,0,0,0,0,0
mas_97,35,41,40,40,40,40,40,40,40,40,40,40,40,40
,,,0,0,0,0,0,0,0,0,0,0,0,0
mcc_72,40,43,43,43,43,43,43,43,43,43,43,43,43,43
,,,0,0.016,0,0,0,0,0,0,0,0,0,0
mil_91,60,46,39,39,39,39,35,35,35,35,34,42,34,42
,,,0,0,0,0,0,0,0,0.016,0,0,0,0
nai_96a,64,117,117,117,117,117,117,117,117,117,117,117,117,117
,,,0,0,0,0,0,0,0,0,0,0,0,0
nai_96b,64,93,93,93,93,93,91,91,93,93,93,93,93,93
,,,0,0,0,0,0,0,0,0,0,0,0,0
nai_96c,64,91,91,91,91,91,89,89,91,91,91,91,91,91
,,,0,0,0,0,0,0,0.016,0,0,0,0,0
nai_96d,64,74,71,71,71,71,70,70,71,71,71,72,73,72
,,,0,0,0,0,0,0,0,0,0,0,0,0
rog5,65,60,49,49,49,49,49,49,49,49,47,53,56,53
,,,0.016,0,0,0,0,0,0,0,0,0,0,0
sei_88,33,54,54,54,54,54,54,54,54,54,54,54,54,54
,,,0,0,0,0,0,0,0,0,0,0,0,0
sul_91,31,46,46,46,46,46,46,46,46,46,46,46,46,46
,,,0,0,0,0,0,0,0,0,0,0,0,0
Wang250,250,419,389,389,389,389,384,384,384,384,382,393,393,393
,,,0.016,0.031,0.016,0.016,0.062,0.047,0.016,0.031,0,0,0.078,0
Wang800,800,1177,1569,1569,1594,1594,1556,1556,1582,1582,1569,1550,1658,1550
,,,1.766,1.703,0.219,0.219,4.078,4.109,0.859,0.812,0.125,0,1.234,0
Wang1150,1150,3236,3098,3098,3098,3098,3060,3060,3066,3066,3098,3098,3128,3098
,,,3.328,3.438,0.422,0.406,5.859,6.609,1.766,2.016,0.234,0.016,2.375,0.031
ce50-20,50,58,47,47,46,46,45,45,44,44,45,51,57,51
,,,0,0,0,0,0,0,0,0,0,0,0,0
ce50-30,50,79,68,68,68,68,63,63,64,64,64,68,75,68
,,,0,0,0,0,0,0,0,0,0,0,0,0
ce50-40,50,105,95,95,101,101,96,96,97,97,95,99,98,99
,,,0,0,0,0,0,0,0,0,0,0,0,0
ce50-50,50,163,152,152,153,153,147,147,152,152,144,158,158,158
,,,0,0,0,0,0,0,0,0,0,0,0,0
ce50-60,50,257,254,254,254,254,254,254,254,254,254,254,255,254
,,,0,0,0.016,0,0,0,0,0,0,0,0,0
ce60-20,60,73,67,67,70,70,64,64,64,64,64,71,68,71
,,,0,0.016,0,0.016,0,0,0,0.016,0,0,0,0
ce60-30,60,100,87,87,88,88,79,79,79,79,84,91,94,91
,,,0.016,0,0,0,0,0,0,0,0,0,0,0
ce60-40,60,151,141,141,139,139,122,122,130,130,115,143,145,143
,,,0,0,0,0,0,0,0,0,0,0,0,0
ce60-50,60,200,167,167,171,171,169,169,178,178,166,187,193,187
,,,0,0,0,0,0.016,0,0,0,0,0,0,0
ce60-60,60,373,369,369,369,369,369,369,369,369,369,369,373,369
,,,0,0,0,0,0,0,0,0,0,0,0,0
ce70-20,70,93,77,77,78,78,73,73,70,70,75,78,84,78
,,,0,0,0,0,0,0,0,0,0,0,0,0
ce70-30,70,128,105,105,105,105,98,98,98,98,103,107,124,107
,,,0,0,0,0,0,0,0,0,0,0,0,0
ce70-40,70,177,152,152,158,158,149,149,163,163,143,148,169,148
,,,0,0,0,0,0,0,0,0,0,0,0,0
ce70-50,70,266,241,241,241,241,234,234,234,234,241,241,241,241
,,,0,0,0,0,0,0,0,0,0,0,0.016,0
ce70-60,70,491,491,491,491,491,491,491,491,491,491,491,491,491
,,,0,0,0,0,0,0,0,0,0,0,0,0
ce80-20,80,107,92,92,92,92,87,87,87,87,91,97,101,97
,,,0,0.016,0,0,0,0,0,0,0,0,0,0
ce80-30,80,157,122,122,129,129,119,119,119,119,122,140,140,140
,,,0,0,0,0,0,0,0,0,0,0,0,0
ce80-40,80,227,205,205,204,204,181,181,188,188,199,206,210,206
,,,0,0,0,0,0,0,0,0,0,0,0.016,0
ce80-50,80,325,313,313,316,316,306,306,308,308,305,309,315,309
,,,0,0,0,0,0,0,0,0,0,0,0,0
ce80-60,80,657,657,657,657,657,657,657,657,657,657,657,657,657
,,,0,0,0,0,0,0,0,0,0,0,0,0
rand100-5,100,1407,1261,1261,1327,1327,1267,1267,1313,1313,1272,1364,1388,1349
,,,0,0,0,0,0,0.016,0,0,0,0,0,0
rand100-100,100,24296,21880,21880,22631,22631,21237,21237,22158,22158,21880,22448,23424,22448
,,,0,0,0,0,0,0,0.016,0,0,0,0,0
rand200-5,200,4079,3683,3683,3705,3705,3580,3580,3556,3556,3661,3783,3840,3783
,,,0.047,0.047,0.016,0,0.094,0.078,0.016,0.016,0,0,0.078,0
rand200-100,200,74924,67265,67265,71057,71057,65961,65961,68438,68438,66464,70434,70458,70434
,,,0.047,0.047,0.016,0.031,0.094,0.094,0.047,0.047,0,0,0.078,0
rand300-5,300,7732,6797,6797,7125,7125,6468,6468,6775,6775,6993,7033,7096,7016
,,,0.266,0.25,0.094,0.094,0.516,0.516,0.141,0.156,0.031,0,0.141,0
rand300-100,300,152709,139994,139994,141929,141929,129826,129826,135045,135045,141821,142579,146648,142579
,,,0.359,0.375,0.062,0.062,0.484,0.5,0.125,0.125,0.047,0.016,0.281,0.016
rand400-5,400,12133,10781,10781,11216,11216,9838,9838,10133,10133,10235,11224,11527,11224
,,,1.031,1.031,0.234,0.203,1.797,1.75,0.25,0.266,0.062,0.016,0.656,0
rand400-100,400,222757,195751,195751,205023,205023,184622,184622,194844,194844,202358,203167,209175,203167
,,,0.641,0.594,0.188,0.172,0.906,0.906,0.25,0.266,0.094,0,0.391,0
rand500-5,500,17127,14852,14852,15355,15355,14381,14381,14392,14392,15423,15307,15686,15307
,,,1.109,1.078,0.203,0.219,1.938,1.844,0.297,0.312,0.156,0.016,0.781,0.031
rand500-100,500,309125,275954,275954,277905,277905,260758,260758,270982,270982,279681,278369,293301,278369
,,,1.359,1.312,0.156,0.172,2.094,2.094,0.766,0.781,0.156,0.016,1.094,0.016
regnier300-50,300,32164,30882,30882,31216,31216,28868,28868,29752,29752,31300,31338,31588,31338
,,,0.234,0.234,0.031,0.047,0.406,0.438,0.109,0.109,0.031,0.016,0.188,0
sym300-50,300,17592,15656,15656,15888,15888,15162,15162,15658,15658,15992,16098,16420,16098
,,,0.156,0.156,0.047,0.047,0.25,0.25,0.141,0.156,0.016,0.016,0.234,0
zahn300,300,2504,2288,2288,2306,2306,2150,2150,2152,2152,2245,2290,2367,2290
,,,0.203,0.203,0.047,0.047,0.344,0.328,0.094,0.078,0.016,0,0.203,0
p500-5-1,500,17691,16508,16508,16596,16596,16027,16027,16186,16186,16397,16636,16668,16636
,,,1.406,1.359,0.141,0.156,2.734,2.828,0.422,0.453,0.125,0.016,0.562,0.016
p500-5-2,500,17169,15673,15673,16031,16031,15088,15088,15203,15203,15478,15943,15918,15943
,,,1.344,1.391,0.266,0.266,2.219,2.25,0.547,0.469,0.109,0,0.594,0.016
p500-5-3,500,16816,15271,15271,15365,15365,14364,14364,14542,14542,15119,15451,16143,15451
,,,1.844,1.797,0.219,0.203,2.656,2.609,0.328,0.312,0.141,0.016,0.891,0.016
p500-5-4,500,16808,14942,14942,15281,15281,14359,14359,14876,14876,14853,15225,15603,15225
,,,1.156,1.125,0.203,0.188,1.859,1.859,0.484,0.5,0.094,0.016,0.891,0.016
p500-5-5,500,16957,14960,14960,15403,15403,14751,14751,14843,14843,15082,15380,15911,15380
,,,1.062,1.016,0.172,0.188,2.781,2.906,0.562,0.594,0.125,0.016,0.641,0.031
p500-5-6,500,16615,15084,15084,14894,14894,13869,13869,14653,14653,14808,15071,15601,15071
,,,2.188,2.219,0.219,0.203,2.938,2.766,0.672,0.656,0.141,0.031,0.781,0.031
p500-5-7,500,16649,14754,14754,15107,15107,13679,13679,13989,13989,14791,15027,15105,15027
,,,1.781,1.812,0.359,0.344,2.734,2.578,0.375,0.359,0.156,0.016,0.688,0.016
p500-5-8,500,16756,14799,14799,15007,15007,14581,14581,14422,14422,14528,15193,15715,15193
,,,1.438,1.469,0.234,0.234,5.516,5.484,0.438,0.406,0.141,0.016,0.672,0.016
p500-5-9,500,16629,15013,15013,15090,15090,14199,14199,14564,14564,14722,15354,15399,15354
,,,1.297,1.328,0.203,0.203,1.594,1.547,0.406,0.344,0.078,0.016,0.781,0.016
p500-5-10,500,17360,15994,15994,15915,15915,15363,15363,15110,15110,15381,16022,16577,16022
,,,1.719,1.625,0.219,0.219,3.672,3.641,0.391,0.359,0.109,0.016,1.469,0.016
p500-100-1,500,308896,276113,276113,281848,281848,263502,263502,275841,275841,272411,281666,287633,281666
,,,1.344,1.344,0.203,0.203,2.594,2.656,0.906,0.953,0.094,0.016,1.016,0.016
p500-100-2,500,310241,284023,284023,284217,284217,269473,269473,272875,272875,283078,284709,292285,284709
,,,1.703,1.641,0.172,0.172,2.672,2.672,0.422,0.422,0.141,0.016,1,0.016
p500-100-3,500,310477,282799,282799,280250,280250,263793,263793,272249,272249,277751,279520,291417,279520
,,,1.672,1.719,0.234,0.188,1.219,1.234,0.484,0.531,0.109,0.016,1,0.016
p500-100-4,500,309567,271145,271145,282266,282266,252460,252460,271713,271713,278248,285380,288661,285380
,,,1.156,1.188,0.234,0.219,1.594,1.609,0.766,0.734,0.172,0.016,0.656,0.016
p500-100-5,500,309135,271617,271617,280486,280486,258711,258711,265576,265576,269626,281109,289774,281109
,,,1.859,1.922,0.188,0.188,3.312,3.156,0.672,0.734,0.141,0.016,0.891,0.031
p500-100-6,500,310280,285901,285901,289571,289571,272604,272604,270870,270870,281267,291968,291653,291968
,,,1.781,1.734,0.312,0.297,4.438,4.344,0.578,0.578,0.156,0.016,0.688,0.031
p500-100-7,500,310063,276949,276949,284759,284759,264023,264023,273490,273490,279974,280627,286058,280627
,,,1.188,1.078,0.203,0.156,2.438,2.328,0.594,0.625,0.125,0.016,0.859,0.016
p500-100-8,500,303148,271598,271598,274519,274519,258197,258197,264563,264563,273130,272072,285390,271692
,,,1.188,1.219,0.156,0.188,1.922,1.844,0.531,0.562,0.125,0.016,1.609,0.016
p500-100-9,500,305305,273206,273206,283786,283786,260489,260489,263849,263849,271083,283248,291736,283248
,,,1.375,1.359,0.359,0.344,2.703,2.734,0.422,0.422,0.109,0,1.203,0.016
p500-100-10,500,314864,275285,275285,284286,284286,254828,254828,268472,268472,279188,286386,288958,286386
,,,1.219,1.188,0.203,0.25,1.062,1.047,0.5,0.516,0.156,0.016,0.75,0.016
p1000-1,1000,885281,800863,800863,813100,813100,766494,766494,775285,775285,797599,808149,821830,808149
,,,25.625,26.141,3.859,4.188,59.672,58.484,8.297,8.234,1.281,0.141,6.047,0.141
p1000-2,1000,881751,804044,804044,817418,817418,760249,760249,772148,772148,807456,819431,824674,819431
,,,21.766,22.219,3.625,3.781,46.406,46.203,5.547,5.719,1.391,0.109,4.203,0.109
p1000-3,1000,866488,775124,775124,785748,785748,720054,720054,740259,740259,773667,776820,793138,776820
,,,31.219,31.766,4.453,4.641,46.422,46.578,4.922,4.703,1.406,0.078,5.109,0.094
p1000-4,1000,869374,792879,792879,797736,797736,757319,757319,767460,767460,789836,796184,816193,796184
,,,23.203,23.703,3.812,3.953,43.688,44.391,5.516,5.516,1.094,0.062,5.766,0.078
p1000-5,1000,888960,805367,805367,813860,813860,782613,782613,783038,783038,798626,807035,825015,807035
,,,21.406,21.359,3.781,3.547,65.859,66.109,6.078,6.047,1.062,0.078,5.281,0.094
p1500-1,1500,1619470,1472445,1472445,1481343,1486067,1374918,1374918,1415244,1415244,1472759,1478279,1490162,1478279
,,,101.625,113.969,9.047,15.219,282.5,282.438,37.156,36.797,5.375,0.281,22.875,0.312
p1500-2,1500,1649778,1487975,1487975,1506634,1510409,1395416,1395416,1406188,1406188,1480506,1500495,1533239,1500495
,,,111.438,118.359,12.406,18.891,341.312,340.5,20.656,20.688,4.5,0.234,18.109,0.234
p1500-3,1500,1611197,1444644,1444644,1462313,1462313,1409105,1409105,1387607,1387607,1463407,1465695,1501321,1465695
,,,102.75,105.344,11.016,14.359,510.078,508.547,21.078,21.062,6.328,0.344,19.125,0.375
p1500-4,1500,1641933,1471790,1471790,1497937,1497937,1431916,1431916,1419918,1419918,1482073,1523947,1544900,1523947
,,,91.172,94.609,6.344,7.703,647.016,643.984,35.141,35.438,4.922,0.406,23.859,0.469
p1500-5,1500,1595627,1428866,1428866,1454318,1465018,1359353,1359353,1377991,1377991,1421250,1433002,1474594,1433002
,,,100.156,105.344,11.984,18.047,350.391,350.125,25.938,25.594,4.516,0.359,23.422,0.375
p2000-1,2000,2508005,2236232,2257681,2264215,2280409,2148373,2148373,2187301,2187301,2262129,2280334,2339621,2280334
,,,213.047,316.703,13.469,21.156,1234.719,1233.516,102.734,101.844,12.047,0.719,45.828,0.797
p2000-2,2000,2495730,2246761,2249978,2248759,2278125,2092358,2092358,2194092,2194092,2254373,2266889,2325705,2266889
,,,262.125,311.906,15.953,45.047,783.422,786.812,183.438,183.969,11.766,0.625,37.547,0.672
p2000-3,2000,2544728,2298069,2312173,2326637,2341883,2229975,2229975,2250016,2250016,2337437,2331028,2371352,2331028
,,,186.688,257.891,18.672,19.266,1199.266,1202.531,82.562,82.25,12.484,0.719,46.234,0.781
p2000-4,2000,2528721,2251989,2290790,2261380,2280927,2130625,2130625,2203899,2203899,2319184,2294027,2353326,2294027
,,,169.078,266.594,19,22.656,904.125,905.812,127.109,126.188,16.125,0.625,50.172,0.641
p2000-5,2000,2514009,2298489,2289921,2305408,2321028,2177491,2177491,2190231,2190231,2267229,2311177,2368858,2311177
,,,284.453,313.562,27.969,36.875,1151.344,1155.234,117.5,117.062,11.641,0.594,44.672,0.641
gauss500-100-1,500,265070,240976,240976,242846,242846,234422,234422,234287,234287,239182,246900,250434,246900
,,,1.297,1.281,0.156,0.188,2.359,2.234,0.328,0.359,0.125,0,0.797,0.016
gauss500-100-2,500,269076,241850,241850,249240,249240,242939,242939,238655,238655,242353,246090,250448,246090
,,,1,1.016,0.203,0.219,3.906,3.922,0.516,0.5,0.094,0.016,0.766,0.016
gauss500-100-3,500,257700,226489,226489,228467,228467,212981,212981,224350,224350,232508,230633,242388,230633
,,,1.5,1.422,0.203,0.188,1.594,1.562,0.562,0.578,0.172,0.016,1.078,0.016
gauss500-100-4,500,267683,242507,242507,251817,251817,232395,232395,239845,239845,240100,251495,257945,251495
,,,1.75,1.766,0.234,0.281,1.844,1.734,0.469,0.438,0.125,0.016,0.969,0.016
gauss500-100-5,500,271567,244338,244338,249663,249663,240089,240089,239138,239138,245210,252102,253113,251738
,,,0.922,0.953,0.234,0.234,3.141,2.938,0.594,0.578,0.094,0.016,0.812,0.031
unif700-100-1,700,515016,472493,472493,469387,469387,450884,450884,458056,458056,462564,471348,480358,471348
,,,6.859,6.812,1.188,1.266,9.734,9.531,1.578,1.562,0.328,0.047,2.438,0.047
unif700-100-2,700,519441,465746,465746,470037,470037,441124,441124,442588,442588,470959,471818,483071,471818
,,,6.25,6.109,0.656,0.703,12.828,12.297,1.484,1.734,0.594,0.047,2.141,0.031
unif700-100-3,700,512351,473873,473873,469744,469744,444036,444036,449199,449199,465538,465865,474049,465865
,,,8.141,8.25,1.094,1.312,9.172,8.75,1.344,1.516,0.375,0.031,2.344,0.047
unif700-100-4,700,513582,467131,467131,470472,470472,450462,450462,451578,451578,463141,469374,486596,469098
,,,6.344,6.281,0.656,0.672,16.75,16.516,1.844,1.938,0.5,0.016,2.594,0.047
unif700-100-5,700,510585,465883,465883,470487,470487,436110,436110,452388,452388,462133,467622,469704,467622
,,,6.766,6.719,1.281,1.203,8.156,8.016,2.016,1.906,0.406,0.062,1.781,0.062
unif800-100-1,800,639675,581934,581934,581085,581085,546205,546205,558410,558410,586593,594610,599668,594610
,,,12.969,13.094,1.391,1.344,20.781,20.5,2.828,2.625,0.906,0.078,4.484,0.078
unif800-100-2,800,630704,575386,575386,563229,563229,529429,529429,537474,537474,566143,566824,589508,566824
,,,12.797,12.609,1.719,1.359,11.984,12.109,1.188,1.344,0.734,0.062,3.641,0.047
unif800-100-3,800,629375,576742,576742,579376,579376,546341,546341,553921,553921,570733,581343,592414,581343
,,,11.906,12.219,1.406,1.219,16.219,15.562,2.438,2.766,0.594,0.047,2.281,0.047
unif800-100-4,800,624728,565190,565190,574922,574922,551059,551059,560495,560495,575891,574730,594905,574730
,,,11,11.109,1.516,1.484,24.297,25.016,3.484,3.562,0.875,0.062,3.672,0.062
unif800-100-5,800,625905,576905,576905,574899,574899,544304,544304,552415,552415,570808,574622,585690,574622
,,,11.547,11.547,1.266,1.281,14.453,14.422,2.219,2.062,0.578,0.062,2.891,0.062
b2500-1,2500,1063621,956204,956561,961581,969201,922287,921348,940450,940450,949429,962334,997375,962260
,,,433.297,578.344,28.156,44.172,>3600,>3600,318.219,270.203,18.359,0.562,94.641,0.781
b2500-2,2500,1064144,939225,939225,945746,958808,906918,906918,922441,922441,942285,955322,971075,955322
,,,366.859,432.516,24.719,56.625,1934.516,1939.594,240.797,241.688,19.141,0.766,60.75,0.891
b2500-3,2500,1082946,969241,973549,964096,974016,934972,934972,940031,940031,978349,971239,1005201,971239
,,,431.016,551.719,19.594,42.938,2030.094,2034.344,237.656,236.469,22.984,0.625,76.297,0.688
b2500-4,2500,1066239,945892,948582,954236,959655,917017,917017,933289,933289,957010,953740,993272,953740
,,,336.766,408.109,17.547,28.75,1979.828,1981.953,145.781,146.594,20.234,0.5,100.938,0.594
b2500-5,2500,1066387,945279,947423,949394,967859,910861,910861,919899,919899,967261,964117,998632,964117
,,,351.156,428.547,13.062,45.547,2161.875,2172.312,172.297,171.969,26.016,0.938,72.609,1
b2500-6,2500,1066978,951602,951883,953074,958236,933849,933849,925190,925190,948315,955390,982389,955390
,,,349.578,422.203,22.734,51.734,3103.906,3109.938,100.531,100.969,16.922,0.641,90.734,0.703
b2500-7,2500,1068377,945871,958840,955619,963951,929573,929573,929932,929932,952260,959041,995860,959041
,,,388.516,588.359,24.75,33.781,3145.125,3141.156,250.703,251.438,22.781,0.938,84.734,0.984
b2500-8,2500,1070060,955832,960701,961497,968218,916552,916552,937250,937250,953073,963862,986473,963862
,,,387.953,526.766,15.906,32.188,1769.672,1782.344,212.344,212.047,18.438,0.734,72.609,0.812
b2500-9,2500,1071272,952191,952191,959513,962117,932667,932667,939485,939485,957171,970223,991036,970223
,,,353.188,394.281,22.406,30.859,1980.125,1975.797,184.812,185.078,18.312,0.672,82.797,0.734
b2500-10,2500,1066770,953910,949086,962350,968887,935910,935910,939916,939916,951032,971908,987460,971908
,,,405.406,418.109,24.75,46.297,3096.703,3081.422,161.484,161.203,19.688,1.078,76.469,1.141
CPn35-1,35,7837,6518,6518,6518,6518,6576,6576,7293,7293,6518,6518,7318,6518
,,,0,0,0,0,0,0,0,0,0,0,0,0
CPn35-2,35,7215,6302,6302,6302,6302,6341,6341,6341,6341,6302,6302,6334,6302
,,,0,0,0,0,0,0,0,0,0,0,0,0
CPn35-3,35,7633,6508,6508,6508,6508,6508,6508,6508,6508,6508,6508,7160,6508
,,,0,0,0,0,0,0,0,0,0,0,0,0
CPn35-4,35,7652,6547,6547,6547,6547,6533,6533,6533,6533,6533,6533,6533,6533
,,,0,0,0,0,0,0,0,0,0,0,0,0
CPn45-1,45,11545,11279,11279,11279,11279,10842,10842,10842,10842,10973,10973,11279,10973
,,,0,0,0,0,0,0,0,0,0,0,0,0
CPn45-2,45,12345,10144,10144,10158,10158,10235,10235,10235,10235,10144,10144,10144,10144
,,,0,0,0,0.016,0,0,0,0,0,0,0,0
CPn45-3,45,11880,10721,10721,10937,10937,10314,10314,10314,10314,10721,10721,10721,10721
,,,0,0,0,0,0,0,0,0,0,0,0,0
CPn45-4,45,10506,9032,9032,9114,9114,8759,8759,8759,8759,9032,9114,9277,9114
,,,0,0,0,0,0,0,0,0,0,0,0,0
CPn50-1,50,13562,11046,11046,11046,11046,11527,11527,11527,11527,11046,11046,11468,11046
,,,0,0,0,0,0,0,0,0,0,0,0,0
CPn50-2,50,14080,11089,11089,11089,11089,11750,11750,11750,11750,11089,11089,11550,11089
,,,0,0,0,0,0,0,0,0,0,0,0,0
CPn50-3,50,13172,10970,10970,11568,11568,10652,10652,10665,10665,10970,10870,12160,10870
,,,0.016,0,0,0,0,0.016,0,0,0,0,0,0
CPn50-4,50,13728,11021,11021,11496,11496,10345,10345,11611,11611,11021,11347,12433,11347
,,,0,0,0,0,0,0,0,0,0,0,0.016,0
CPn65-1,65,20028,17981,17981,17981,17981,16890,16890,17483,17483,17829,17829,18018,17829
,,,0,0,0,0,0,0,0,0,0,0,0,0
CPn65-2,65,20753,17410,17410,17410,17410,18125,18125,17881,17881,17276,17276,18448,17276
,,,0,0,0,0.016,0,0,0,0,0,0,0,0
CPn65-3,65,20463,16962,16962,17191,17191,17013,17013,17013,17013,16962,17191,17757,17191
,,,0,0,0,0,0,0,0,0,0,0,0,0
CPn65-4,65,20000,15851,15851,15968,15968,16884,16884,16622,16622,15851,15851,17235,15851
,,,0,0,0,0,0,0.016,0,0,0,0,0,0
CPn100-1,100,37188,30622,30622,30622,30622,29882,29882,29882,29882,30155,30155,31084,30155
,,,0,0.016,0,0,0,0,0,0,0,0,0,0
CPn100-2,100,37460,30410,30410,31387,31387,30613,30613,30932,30932,30378,31006,31486,31006
,,,0,0,0,0.016,0,0,0,0,0,0,0.016,0
CPn100-3,100,39766,32901,32901,32901,32901,32734,32734,32734,32734,32549,32549,35051,32549
,,,0,0,0,0,0,0,0,0,0,0,0,0
CPn100-4,100,38192,31108,31108,31078,31078,30270,30270,30431,30431,30483,30483,31691,30483
,,,0,0.016,0,0,0,0,0,0,0,0,0.016,0
am-25-3,50,625,100,100,100,100,100,100,100,100,100,100,100,100
,,,0,0,0.016,0.016,0,0,0,0,0,0,0,0
am-25-10,50,800,275,275,275,275,275,275,275,275,275,275,275,275
,,,0,0,0,0,0,0,0,0,0,0,0,0
am-25-20,50,1050,525,525,525,525,525,525,525,525,525,525,525,525
,,,0,0,0,0,0,0,0,0,0,0,0,0
am-50-3,100,2500,200,200,200,200,200,200,200,200,200,200,200,200
,,,0,0,0,0,0,0.016,0,0,0,0,0,0
am-50-10,100,2850,550,550,550,550,550,550,550,550,550,550,550,550
,,,0,0,0,0,0,0,0,0,0,0,0,0
am-50-20,100,3350,1050,1050,1050,1050,1050,1050,1050,1050,1050,1050,1050,1050
,,,0,0,0,0,0,0,0,0,0,0,0,0
am-75-3,150,5625,300,300,300,300,300,300,300,300,300,300,300,300
,,,0,0,0,0,0.016,0,0,0,0,0,0,0
am-75-10,150,6150,825,825,825,825,825,825,825,825,825,825,825,825
,,,0,0,0,0,0,0,0,0,0,0,0,0
am-75-20,150,6900,1575,1575,1575,1575,1575,1575,1575,1575,1575,1575,1575,1575
,,,0,0,0,0,0,0,0,0,0,0,0,0
am-100-3,200,10000,400,400,400,400,400,400,400,400,400,400,400,400
,,,0.016,0,0,0,0.016,0,0,0,0,0,0.016,0
am-100-10,200,10700,1100,1100,1100,1100,1100,1100,1100,1100,1100,1100,1100,1100
,,,0,0,0.016,0,0,0,0,0.016,0,0,0.016,0
am-100-20,200,11700,2100,2100,2100,2100,2100,2100,2100,2100,2100,2100,2100,2100
,,,0,0,0.016,0,0,0.016,0,0.016,0,0,0.016,0
am-125-3,250,15625,500,500,500,500,500,500,500,500,500,500,500,500
,,,0,0,0,0,0,0,0.016,0.016,0,0,0.016,0
am-125-10,250,16500,1375,1375,1375,1375,1375,1375,1375,1375,1375,1375,1375,1375
,,,0.016,0,0,0.016,0,0,0,0.016,0,0,0.031,0
am-125-20,250,17750,2625,2625,2625,2625,2625,2625,2625,2625,2625,2625,2625,2625
,,,0.016,0,0.016,0,0.016,0.016,0,0,0.016,0,0.016,0
am-150-3,300,22500,600,600,600,600,600,600,600,600,600,600,600,600
,,,0.016,0.016,0.016,0.016,0,0,0.016,0,0,0,0.031,0
am-150-10,300,23550,1650,1650,1650,1650,1650,1650,1650,1650,1650,1650,1650,1650
,,,0,0,0.016,0,0,0.016,0.016,0.016,0.016,0,0.047,0
am-150-20,300,25050,3150,3150,3150,3150,3150,3150,3150,3150,3150,3150,3150,3150
,,,0,0,0,0,0,0.016,0,0,0,0,0.047,0
neg-c-00,50,752,650,650,650,650,628,628,630,630,694,649,720,649
,,,0,0,0,0,0,0,0,0,0,0,0,0
neg-c-10,50,649,612,612,637,637,598,598,604,604,612,637,637,637
,,,0,0,0,0,0,0,0,0,0,0,0,0
neg-c-20,50,604,532,532,529,529,526,526,526,526,521,507,584,507
,,,0,0,0,0,0,0,0,0,0,0,0,0
neg-c-30,50,582,504,504,504,504,504,504,550,550,504,504,548,504
,,,0,0.016,0,0,0,0,0,0,0,0,0.016,0
neg-c-40,50,577,551,551,558,558,549,549,554,554,521,523,551,523
,,,0,0,0,0,0,0,0,0,0,0,0,0
neg-c-50,50,549,525,525,525,525,525,525,525,525,525,525,525,525
,,,0,0,0,0,0,0,0,0,0,0,0,0
neg-c-60,50,463,448,448,448,448,459,459,453,453,407,407,443,407
,,,0,0,0,0,0,0,0,0,0,0,0,0
neg-c-70,50,452,408,408,421,421,408,408,420,420,399,399,410,399
,,,0,0,0,0,0,0,0,0,0,0,0,0
neg-c-80,50,317,306,306,305,305,302,302,302,302,299,298,304,298
,,,0,0,0.016,0,0,0,0,0,0,0,0,0
neg-s-80,60,473,460,460,460,460,457,457,457,457,445,445,457,445
,,,0,0,0,0,0,0,0,0,0,0,0,0
neg-tt-80,70,592,574,574,574,574,566,566,566,566,565,565,565,565
,,,0,0,0,0,0,0,0,0,0,0,0,0
corr40-1,40,2191,2190,2190,2190,2190,2120,2120,2120,2120,2190,2190,2190,2190
,,,0,0,0,0,0,0,0,0,0,0,0,0
corr40-2,40,1852,1831,1831,1831,1831,1738,1738,1779,1779,1748,1714,1836,1704
,,,0,0,0,0,0,0,0,0,0,0,0,0
corr40-3,40,2310,2276,2276,2276,2276,2247,2247,2247,2247,2276,2276,2276,2276
,,,0,0,0,0,0,0,0,0,0,0,0,0
corr40-4,40,2084,1985,1985,1985,1985,1985,1985,1985,1985,1985,1985,2071,1985
,,,0,0,0,0,0,0,0,0,0,0,0,0
corr40-5,40,2245,2226,2226,2226,2226,2226,2226,2226,2226,2226,2226,2245,2226
,,,0,0,0,0,0,0.016,0,0,0,0,0,0
corr40-6,40,2516,2516,2516,2516,2516,2516,2516,2490,2490,2453,2453,2469,2453
,,,0,0,0,0,0,0,0,0,0,0,0,0
corr40-7,40,2294,2294,2294,2294,2294,2269,2269,2254,2254,2190,2269,2269,2269
,,,0,0,0,0,0,0,0,0,0,0,0,0
corr40-8,40,2184,2178,2178,2178,2178,2178,2178,2178,2178,2178,2178,2178,2178
,,,0,0,0,0,0,0,0,0,0,0,0,0
corr40-9,40,2129,2119,2119,2129,2129,2112,2112,2112,2112,2119,2119,2129,2119
,,,0,0,0,0,0,0,0,0,0,0,0,0
corr40-10,40,2301,2293,2293,2293,2293,2121,2121,2276,2276,2121,2121,2121,2121
,,,0,0,0,0,0,0,0.016,0,0,0,0,0
corr60-1,60,3678,3642,3642,3677,3677,3627,3627,3627,3627,3577,3577,3577,3577
,,,0,0,0,0,0,0,0,0,0,0,0,0
corr60-2,60,3445,3405,3405,3405,3405,3247,3247,3207,3207,3405,3405,3428,3405
,,,0,0,0,0,0,0,0,0,0,0,0.016,0
corr60-3,60,3595,3516,3516,3516,3516,3415,3415,3415,3415,3489,3489,3516,3489
,,,0,0,0,0,0,0,0.016,0,0,0,0,0
corr60-4,60,3565,3565,3565,3565,3565,3373,3373,3527,3527,3548,3548,3548,3548
,,,0.016,0,0,0,0,0,0,0,0,0,0,0
corr60-5,60,3313,3301,3301,3301,3301,3277,3277,3277,3277,3301,3301,3313,3301
,,,0,0,0,0,0.016,0,0,0,0,0,0,0
corr60-6,60,3295,3281,3281,3281,3281,3231,3231,3281,3281,3257,3273,3276,3259
,,,0,0,0,0,0,0,0,0,0,0,0,0
corr60-7,60,3506,3483,3483,3496,3496,3219,3219,3219,3219,3239,3425,3410,3425
,,,0,0,0,0,0,0,0,0,0,0,0,0
corr60-8,60,3540,3430,3430,3540,3540,3315,3315,3344,3344,3220,3308,3471,3308
,,,0,0,0,0,0,0,0,0,0,0,0,0
corr60-9,60,3372,3250,3250,3250,3250,3208,3208,3208,3208,3245,3245,3286,3241
,,,0,0,0,0,0,0,0.016,0,0,0,0,0
corr60-10,60,3570,3517,3517,3533,3533,3248,3248,3362,3362,3330,3330,3423,3330
,,,0,0,0,0,0,0,0,0,0,0,0.016,0
corr80-1,80,4724,4396,4396,4506,4506,4365,4365,4434,4434,4449,4449,4490,4402
,,,0,0,0,0,0,0,0,0,0,0,0,0
corr80-2,80,4667,4505,4505,4593,4593,4465,4465,4541,4541,4471,4537,4591,4537
,,,0,0,0,0,0,0,0,0,0,0,0,0
corr80-3,80,4993,4993,4993,4993,4993,4699,4699,4777,4777,4944,4993,4993,4993
,,,0,0,0,0,0,0,0,0,0,0,0,0
corr80-4,80,4504,4320,4320,4367,4367,4189,4189,4225,4225,4320,4341,4421,4341
,,,0,0,0.016,0.016,0,0.016,0,0,0,0,0,0
corr80-5,80,5090,4954,4954,5003,5003,4609,4609,4491,4491,4620,5011,5066,5011
,,,0,0.016,0,0,0,0.016,0,0.016,0,0,0,0
corr80-6,80,4465,4225,4225,4244,4244,4297,4297,4290,4290,4212,4235,4253,4235
,,,0,0,0,0,0,0.016,0,0,0,0,0,0
corr80-7,80,5088,4610,4610,4693,4693,4534,4534,4675,4675,4610,4675,5088,4656
,,,0,0.016,0,0,0,0.016,0,0,0,0,0.016,0
corr80-8,80,4757,4688,4688,4685,4685,4685,4685,4685,4685,4522,4529,4688,4487
,,,0.016,0,0,0,0,0.016,0,0,0,0,0.016,0
corr80-9,80,4430,4140,4140,4216,4216,3939,3939,4002,4002,4089,4055,4248,4055
,,,0,0.016,0,0,0,0,0,0.016,0,0,0,0
corr80-10,80,5071,4550,4550,4550,4550,4441,4441,4441,4441,4539,4539,4997,4539
,,,0,0,0,0,0,0,0,0,0,0,0,0
